Measure,Statistic
ICC,0.36801180282028123
BIC,298533.44973053684
AICc,298509.19931138825
