Measure,Statistic
ICC,0.3631908578757693
BIC,298209.0237751118
AICc,298176.6902170406
