Measure,Statistic
ICC,0.4750683694386728
BIC,298013.96332048747
AICc,297965.4639858868
