Measure,Statistic
ICC,0.5260606291073705
BIC,258974.38768264893
AICc,258709.88730071989
