Measure,Statistic
ICC,0.4445064358751771
BIC,287063.875474292
AICc,286797.20366032585
