Measure,Statistic
AICc,289883.0266828628
BIC,290109.3053973866
