max_cook_d,min_cook_d,mean_cook_d,median_cook_d,sd_cook,outliers_sum
0.01748694304693866,5.240006206462403e-11,4.818782754050442e-5,7.215160718244431e-6,2.558428488679745e-4,1521
