max_cook_d,min_cook_d,mean_cook_d,median_cook_d,sd_cook,outliers_sum
0.01748694305,0.00000000005,0.00004818783,0.00000721516,0.00025584285,1521.00000000000
