Measure,Statistic
ICC,0.47365433615637836
AICc,297843.1556811731
BIC,297899.7376533387
