Measure,Statistic
ICC,0.49171980204014404
AICc,297979.81183822075
BIC,298036.39381038636
