Measure,Statistic
ICC,0.5016392033656134
BIC,298184.8739790268
AICc,298136.3746444261
