effect,group,term,estimate,std.error,statistic,df,p.value
fixed,NA,(Intercept),784.637876905408,12.45828121677991,62.98123017552282,50.094720180858644,2.2924615820993743e-49
fixed,NA,median_mining,41.1148168910655,6.961584134657421,5.9059570488246,3890.7271098613496,3.8061288959666525e-9
fixed,NA,Appalachia,31.361691342297743,3.105536645425925,10.098638310544386,23355.694776995388,6.2726464845156495e-24
ran_pars,State,sd__(Intercept),88.35509878619038,NA,NA,NA,NA
ran_pars,State,sd__coal_mining,72.57434300137287,NA,NA,NA,NA
ran_pars,State,cor__(Intercept).coal_mining,-0.015546176548984545,NA,NA,NA,NA
ran_pars,Residual,sd__Observation,120.53227069643822,NA,NA,NA,NA
