Measure,Statistic
ICC,0.4910802871483364
AICc,297946.7085237547
BIC,297995.2078583554
