effect,group,term,estimate,std.error,statistic,df,p.value
fixed,NA,(Intercept),786.3233603783315,12.843978683950256,61.2211667215639,50.13336656287982,8.729401104644307e-49
fixed,NA,median_mining,39.9910336709581,6.993460055074108,5.718347335371222,4430.773482656508,1.1463618990822297e-8
ran_pars,State,sd__(Intercept),91.19443056043487,NA,NA,NA,NA
ran_pars,State,sd__coal_mining,75.88460043174408,NA,NA,NA,NA
ran_pars,State,cor__(Intercept).coal_mining,0.05987556489076182,NA,NA,NA,NA
ran_pars,Residual,sd__Observation,120.77331720860214,NA,NA,NA,NA
