Measure,Statistic
ICC,0.5221568676358355
AICc,297756.69621297804
BIC,297837.5250947877
