Measure,Statistic
ICC,0.46619008834110526
AICc,297865.165098483
BIC,297921.7470706486
