Measure,Statistic
ICC,0.486027657361477
AICc,288021.6740623956
BIC,288183.31510361366
