Measure,Statistic
ICC,0.4653747889795862
AICc,297833.64630597515
BIC,297898.3107485445
